amount,previous_successes,previous_failures,retry_count,customer_age_days,payment_method,failure_type,hour,recovered
6430.33,0,5,2,260,Card,declined,23,1
7432.61,17,0,3,42,UPI,temporary,6,1
6059.99,17,1,3,235,Wallet,expired,0,0
1680.63,13,2,2,169,Card,expired,3,1
1057.49,11,4,2,836,UPI,network,17,1
9230.72,2,4,2,859,NetBanking,declined,22,1
6646.51,9,0,1,897,UPI,network,8,1
8357.69,5,2,2,224,NetBanking,temporary,19,1
5387.98,7,1,3,398,NetBanking,declined,21,1
7706.3,1,1,0,834,NetBanking,network,8,1
9140.05,18,5,2,227,Wallet,network,20,1
2722.31,7,5,2,774,Wallet,network,11,1
9975.62,16,3,0,783,UPI,temporary,4,1
7941.59,13,4,0,404,Wallet,network,16,1
5576.94,0,5,0,708,NetBanking,expired,3,1
1665.76,0,5,2,522,Card,temporary,20,1
6425.6,19,1,1,392,Card,temporary,19,1
292.82,11,2,1,69,Card,temporary,2,1
8178.63,17,1,1,685,Wallet,declined,8,1
6105.28,6,4,1,740,NetBanking,network,21,1
4437.19,16,3,0,263,Card,temporary,10,1
5583.82,18,1,0,82,UPI,declined,2,0
8610.39,2,4,1,295,Wallet,declined,17,1
9361.59,18,4,3,258,Wallet,network,6,1
6623.93,11,3,3,488,UPI,temporary,1,1
3459.1,3,1,1,204,Wallet,declined,13,1
4680.02,2,3,0,61,UPI,temporary,7,1
4907.85,6,3,0,178,Wallet,temporary,12,1
7862.3,14,2,3,723,Wallet,declined,6,1
9690.22,18,5,0,775,NetBanking,temporary,1,1
5078.22,16,1,0,993,UPI,declined,2,1
6784.6,7,3,0,974,Card,temporary,19,1
6607.99,18,4,2,967,NetBanking,declined,21,0
2462.99,12,1,2,478,NetBanking,temporary,0,1
9984.7,3,0,1,528,NetBanking,declined,11,0
8804.78,11,2,1,458,NetBanking,temporary,21,1
3063.85,3,1,2,128,UPI,declined,8,0
2185.23,10,1,2,527,Wallet,expired,1,1
4293.4,8,0,0,351,Card,expired,5,0
5561.64,13,4,0,124,UPI,declined,17,1
3755.24,17,1,3,140,UPI,expired,11,0
7981.61,1,2,1,708,Card,temporary,11,0
8852.93,13,4,1,957,Card,declined,5,0
345.38,10,3,1,283,Card,temporary,12,1
8600.07,7,1,3,368,NetBanking,declined,7,1
2011.98,10,2,0,1000,NetBanking,expired,20,1
6827.23,17,2,0,128,NetBanking,declined,18,0
2728.12,3,4,3,363,NetBanking,network,19,0
1244.89,18,1,2,55,Wallet,temporary,16,0
5430.67,6,2,3,81,NetBanking,expired,21,0
7225.57,9,4,2,692,Wallet,expired,12,0
5588.68,6,3,3,703,Card,expired,12,0
104.02,9,1,3,814,NetBanking,network,14,1
2215.64,15,5,1,684,UPI,expired,16,0
6230.68,2,1,2,240,Card,declined,0,1
9840.97,19,0,3,434,Card,network,15,1
1560.96,0,0,3,234,Card,network,1,0
9182.95,3,3,1,830,Wallet,expired,14,0
7220.81,16,3,3,928,Card,network,14,1
2547.67,20,2,3,651,Card,expired,14,1
2928.71,8,2,2,924,UPI,declined,4,1
6970.1,6,0,3,427,NetBanking,network,13,1
8345.62,12,4,0,887,Wallet,network,0,0
3056.27,12,3,1,509,Card,expired,13,1
3949.69,12,5,1,870,Wallet,declined,19,1
9078.6,18,4,0,95,Wallet,declined,14,1
2675.55,10,1,3,344,NetBanking,network,8,0
8336.05,8,0,3,29,UPI,expired,7,0
7834.21,20,0,0,982,Card,declined,0,1
2461.59,15,5,0,587,Card,network,22,1
3752.06,19,4,0,806,Card,expired,3,0
9295.98,18,5,3,416,Card,temporary,18,0
6309.7,3,5,2,880,UPI,temporary,11,0
6649.06,2,4,2,22,Wallet,network,3,0
3685.66,14,5,1,455,Card,expired,19,0
5427.91,15,3,3,855,NetBanking,expired,7,0
957.96,14,1,3,593,Wallet,expired,0,0
3317.64,15,1,2,826,NetBanking,expired,8,0
7041.72,8,4,0,539,Card,temporary,7,1
4936.92,7,5,3,671,Wallet,network,0,1
2293.8,7,2,2,494,NetBanking,network,23,1
3582.92,14,2,2,267,Card,temporary,23,1
1283.59,17,5,1,206,Card,network,8,1
9768.41,16,4,2,112,Card,expired,7,0
3092.45,17,1,2,56,UPI,expired,22,0
6414.91,15,0,0,597,NetBanking,network,15,1
1925.2,1,2,3,126,UPI,network,15,1
6331.51,1,1,1,840,NetBanking,temporary,7,1
7667.99,19,4,1,804,Wallet,network,14,1
5926.4,13,2,0,634,UPI,declined,20,1
6638.24,5,1,1,575,UPI,declined,0,1
6924.77,15,2,0,247,NetBanking,expired,22,0
804.68,7,2,1,445,UPI,declined,20,1
2729.76,4,0,0,179,NetBanking,expired,14,1
6917.91,12,2,3,458,UPI,temporary,13,0
6076.77,0,0,1,994,UPI,expired,18,1
7587.06,15,4,3,948,NetBanking,declined,18,0
8161.02,2,3,2,428,NetBanking,expired,21,1
1692.17,13,5,3,305,Wallet,temporary,14,1
2598.75,3,3,0,683,Wallet,network,1,1
3681.62,15,5,3,788,UPI,declined,8,0
9283.96,14,5,3,134,UPI,declined,22,1
5553.31,17,3,0,240,UPI,network,3,1
1624.31,9,4,2,435,Wallet,network,7,1
1531.96,6,4,1,894,UPI,expired,13,1
7898.4,8,0,2,753,NetBanking,network,4,1
4894.98,10,4,3,476,NetBanking,declined,22,1
3891.41,13,0,2,772,Wallet,network,12,0
7944.7,20,1,3,997,UPI,declined,16,0
3386.75,3,3,0,548,Wallet,temporary,23,1
8722.24,4,0,3,810,NetBanking,expired,19,0
6533.38,10,5,3,987,NetBanking,network,17,1
777.37,20,5,2,242,UPI,network,3,0
7068.52,3,3,1,720,NetBanking,temporary,1,1
655.58,11,2,3,159,Card,network,18,0
1882.56,5,0,3,644,Card,network,18,1
4665.38,8,3,2,692,UPI,network,9,0
1663.96,14,2,2,664,Wallet,expired,14,0
2072.25,12,3,0,252,Wallet,expired,18,1
7022.86,0,5,3,291,UPI,temporary,19,0
8345.11,9,1,2,234,Card,expired,21,0
7697.96,4,5,0,935,UPI,expired,14,1
3712.13,4,0,2,344,Wallet,declined,6,1
5440.14,11,4,2,860,Card,expired,15,0
3021.9,10,0,3,996,UPI,declined,7,0
7269.75,12,4,2,102,Wallet,temporary,8,1
4602.38,8,4,3,852,NetBanking,temporary,21,1
347.74,17,2,1,673,UPI,network,22,1
4142.13,4,0,0,321,Wallet,temporary,3,1
5421.71,12,3,2,696,Wallet,declined,13,0
8353.56,19,3,2,43,NetBanking,declined,14,0
2437.52,11,0,2,567,NetBanking,temporary,12,1
9685.25,14,0,1,667,UPI,temporary,10,1
1346.65,18,1,0,859,Card,declined,7,1
1560.79,19,0,2,889,Card,declined,17,1
1827.52,0,1,0,376,Card,expired,0,1
618.75,13,4,0,773,UPI,network,14,0
5181.06,3,3,1,978,UPI,expired,14,0
408.39,15,3,3,712,UPI,network,22,0
827.56,2,2,1,77,Card,expired,19,0
5528.73,10,3,2,474,Wallet,temporary,22,1
6581.66,17,5,1,450,Wallet,declined,13,1
4589.64,13,5,0,330,Wallet,expired,21,1
9540.57,15,0,0,861,UPI,temporary,13,1
7414.08,4,4,0,610,NetBanking,temporary,13,1
6686.87,13,5,0,304,NetBanking,expired,3,0
2206.11,15,1,0,368,NetBanking,temporary,8,1
8091.49,17,4,0,633,NetBanking,temporary,5,1
7647.85,10,2,0,195,Card,network,2,1
6368.4,0,0,1,395,Wallet,network,10,1
3185.21,10,4,0,914,UPI,declined,5,0
592.65,2,2,3,687,Wallet,network,19,0
2804.35,16,0,2,450,UPI,expired,21,0
4917.66,9,0,1,414,UPI,temporary,6,1
2191.22,4,2,2,345,UPI,temporary,15,0
1839.38,12,4,1,522,NetBanking,temporary,12,1
518.79,0,3,0,892,NetBanking,network,18,1
6437.4,9,0,3,31,NetBanking,declined,19,0
6927.14,11,0,3,874,UPI,declined,13,0
5287.23,12,2,2,236,NetBanking,declined,2,0
1228.86,16,1,2,369,Card,declined,3,1
2052.99,19,1,0,191,Wallet,network,18,1
4544.16,18,5,2,894,NetBanking,declined,14,1
4477.86,9,2,0,370,UPI,expired,14,1
663.21,9,0,0,639,Wallet,network,18,1
7939.0,1,3,1,339,Wallet,declined,1,0
8128.57,10,5,0,526,Card,temporary,7,1
9910.76,16,4,1,382,NetBanking,expired,12,1
3449.83,19,0,2,77,NetBanking,temporary,17,0
2913.06,19,1,2,93,Card,expired,9,0
7014.95,12,1,0,327,Wallet,expired,4,0
8306.69,16,0,3,530,NetBanking,temporary,11,1
9516.58,10,3,1,241,Card,declined,2,1
7902.39,16,4,0,687,NetBanking,declined,19,1
1706.25,19,1,3,54,Wallet,expired,21,0
9698.93,19,2,3,249,Card,expired,15,0
2020.76,18,3,3,797,NetBanking,network,16,1
9666.05,6,4,1,903,NetBanking,temporary,20,1
3775.0,3,5,0,301,UPI,declined,8,0
5182.19,13,0,1,846,Wallet,expired,0,1
4024.89,11,1,3,93,NetBanking,declined,0,1
1080.92,20,2,1,150,UPI,expired,15,0
1474.05,15,3,0,937,UPI,temporary,8,1
1580.24,19,4,3,123,NetBanking,declined,9,1
2460.55,20,4,3,74,UPI,network,19,0
6356.35,18,1,1,308,Wallet,temporary,19,1
5749.57,5,5,0,546,NetBanking,temporary,16,1
7885.48,16,4,0,409,Wallet,temporary,20,1
3795.69,0,2,0,363,Card,temporary,18,0
3391.93,1,2,2,843,Card,network,22,0
1904.55,4,0,3,47,NetBanking,declined,1,0
8869.32,10,2,3,844,Wallet,expired,1,0
1991.92,11,0,2,289,UPI,expired,13,0
7458.75,12,2,1,518,Wallet,expired,16,1
917.85,13,0,3,626,Card,expired,10,1
3346.41,9,2,3,627,Wallet,declined,22,0
4526.58,11,4,3,291,UPI,temporary,21,1
3696.78,5,0,1,879,Wallet,temporary,4,1
7807.3,11,2,3,982,UPI,declined,21,0
3772.55,14,0,1,552,NetBanking,network,10,1
2571.16,3,0,1,521,Wallet,temporary,8,1
7069.97,6,4,2,720,Wallet,declined,3,1
833.12,5,5,3,99,NetBanking,expired,22,1
5467.5,9,1,1,822,NetBanking,declined,3,0
7941.45,7,3,0,379,NetBanking,network,17,1
8854.04,2,2,3,744,Wallet,network,13,0
830.13,10,5,0,470,Wallet,expired,4,0
7824.6,20,4,1,796,Card,network,16,0
648.59,3,4,1,321,Card,declined,10,0
2332.16,16,2,0,266,Card,expired,4,0
6182.84,2,4,1,616,Card,declined,21,0
9029.81,10,4,0,855,UPI,temporary,1,0
7733.12,8,5,1,795,Wallet,temporary,15,0
5501.22,20,2,3,260,Wallet,expired,14,1
693.14,14,3,3,485,Card,expired,19,1
8628.7,10,5,2,418,Card,expired,16,0
3259.25,14,0,2,470,Card,declined,3,1
9459.31,19,3,1,995,Card,expired,18,0
1979.36,5,3,3,520,NetBanking,network,0,1
3993.1,14,1,1,607,NetBanking,temporary,1,1
6015.44,20,5,3,302,UPI,temporary,13,1
2718.28,11,3,2,56,Wallet,temporary,18,0
3688.99,9,0,3,526,Wallet,expired,19,0
1276.23,3,3,2,823,NetBanking,expired,4,0
5140.31,16,0,0,49,Card,expired,15,1
1574.51,16,1,2,963,NetBanking,declined,12,0
7419.26,9,4,2,529,Wallet,expired,15,0
3746.74,3,3,2,825,UPI,network,8,0
7850.75,18,4,1,748,UPI,network,5,1
7239.71,12,1,1,42,UPI,declined,0,1
4245.92,13,5,1,430,Wallet,temporary,22,1
2152.68,10,5,3,548,Wallet,expired,5,0
5377.96,17,2,2,634,Wallet,declined,7,1
3055.14,9,2,1,716,Wallet,expired,15,1
9343.63,8,2,0,597,Wallet,network,11,0
8065.7,9,0,2,988,UPI,expired,14,0
7498.65,6,1,2,965,NetBanking,declined,3,0
5909.62,7,0,1,663,Card,temporary,3,1
7201.84,3,5,1,15,Card,network,20,0
8796.16,15,5,1,784,NetBanking,expired,9,0
9088.58,2,5,1,557,UPI,declined,13,0
1840.31,1,3,3,200,NetBanking,temporary,0,1
6067.55,10,2,3,666,Wallet,declined,16,0
2008.83,3,2,1,758,Wallet,expired,22,1
7392.52,9,4,1,189,Wallet,network,16,1
4068.25,3,1,1,498,NetBanking,declined,0,1
2431.66,8,2,2,606,UPI,expired,20,0
2439.4,3,3,2,173,Wallet,expired,22,0
9169.69,9,2,1,234,Card,network,4,1
9889.5,11,3,3,785,Card,declined,21,0
8744.04,2,4,3,550,NetBanking,temporary,18,1
8304.86,16,1,1,178,NetBanking,network,3,1
7197.49,15,0,3,838,UPI,network,4,1
4622.3,1,4,3,698,NetBanking,temporary,12,1
129.85,6,4,0,56,Wallet,expired,22,1
9941.82,2,3,0,303,Wallet,declined,4,0
9785.5,20,3,2,922,Wallet,network,12,1
6859.03,17,1,2,131,Card,network,16,1
9789.37,0,0,2,484,Wallet,network,7,1
3526.98,8,1,0,42,Wallet,temporary,7,1
1098.88,1,3,0,260,UPI,network,14,1
2250.97,1,1,2,249,NetBanking,expired,7,0
1518.28,16,1,3,317,NetBanking,temporary,17,0
8809.17,5,5,3,579,Wallet,temporary,11,0
6746.29,16,2,3,428,Card,expired,12,1
5425.49,7,1,2,888,Card,network,1,1
9681.08,17,4,1,407,Card,expired,6,1
882.8,14,2,0,558,Card,temporary,8,1
6089.2,1,0,1,833,Card,network,6,0
3396.35,0,1,1,995,UPI,network,7,0
7067.31,12,1,2,804,NetBanking,network,14,1
3656.67,8,2,3,487,UPI,network,10,0
3769.98,13,0,1,769,Card,temporary,8,1
5881.92,13,2,1,210,NetBanking,declined,12,0
2532.73,17,5,2,273,Wallet,network,14,1
7970.26,5,1,3,198,UPI,temporary,2,0
6715.33,0,3,1,872,Card,temporary,22,1
2265.32,14,2,0,642,Wallet,network,0,1
5561.27,0,0,2,558,NetBanking,temporary,16,0
6772.93,5,0,0,546,Card,declined,6,1
2598.94,11,2,3,90,NetBanking,network,14,0
9903.31,7,2,0,679,UPI,temporary,12,1
5571.74,1,5,0,729,Card,temporary,15,0
6484.58,10,4,0,926,UPI,declined,6,0
6953.65,18,3,2,57,UPI,expired,17,0
425.73,10,0,1,611,Card,network,2,1
5683.19,18,3,2,403,Card,temporary,16,0
3524.01,3,3,1,868,UPI,expired,19,0
9553.1,12,2,0,659,NetBanking,network,15,1
5575.07,12,3,1,706,Wallet,temporary,19,1
2539.85,2,0,2,167,Wallet,declined,23,0
3670.93,2,0,2,465,NetBanking,expired,3,1
1955.18,14,4,3,115,UPI,temporary,11,1
6009.55,10,3,0,308,Wallet,network,2,1
5639.41,7,4,1,711,Wallet,declined,4,1
2757.23,4,0,1,455,NetBanking,network,9,1
861.52,8,1,3,618,Card,network,3,1
167.0,12,2,3,833,NetBanking,network,10,1
8253.0,20,4,1,317,NetBanking,declined,15,1
9649.29,10,2,3,1000,Card,expired,12,1
7880.08,11,0,1,616,Card,temporary,23,1
7112.83,14,2,0,848,Wallet,network,4,1
2496.01,4,5,3,818,Wallet,temporary,14,0
4844.42,12,4,3,566,UPI,expired,22,0
5415.37,20,0,0,797,Card,expired,5,1
538.54,20,5,3,1000,NetBanking,network,3,1
2661.51,16,5,1,466,NetBanking,network,14,1
5927.04,16,1,2,35,Wallet,temporary,9,1
9621.11,3,5,1,366,NetBanking,expired,14,0
5259.04,11,3,0,458,Wallet,expired,2,1
8120.84,3,0,2,673,UPI,declined,23,0
1827.09,5,2,3,991,Wallet,declined,12,0
1945.23,13,3,0,765,Card,network,18,1
144.06,6,1,2,780,UPI,temporary,17,1
3327.25,14,0,2,696,Wallet,expired,19,1
3986.19,3,2,2,875,Wallet,declined,21,0
3044.7,19,4,0,698,Card,expired,3,1
1257.79,11,5,1,533,Wallet,network,19,1
3898.73,5,3,1,578,Card,network,9,1
3214.34,14,4,0,896,NetBanking,temporary,15,1
8170.64,17,4,3,428,Wallet,network,22,0
4938.13,2,4,0,824,Card,expired,1,1
5422.33,5,3,3,572,UPI,temporary,8,0
8250.5,11,4,0,788,Wallet,declined,13,1
8317.7,7,2,0,470,NetBanking,expired,2,1
9940.18,7,1,2,891,Wallet,declined,19,1
2145.53,6,0,2,555,NetBanking,declined,10,0
2997.08,18,2,0,148,Wallet,temporary,8,0
1356.19,4,1,1,738,NetBanking,declined,21,1
1507.5,20,2,3,394,Wallet,temporary,20,0
7711.95,12,4,2,721,NetBanking,network,15,1
124.48,2,5,3,660,NetBanking,temporary,17,1
9684.47,6,3,2,340,NetBanking,expired,17,0
5704.81,15,2,0,57,UPI,network,0,1
8590.75,14,3,0,991,Wallet,declined,22,0
8833.26,9,1,2,105,NetBanking,expired,2,0
9047.62,5,0,3,650,NetBanking,declined,13,0
7066.61,0,1,3,89,Card,declined,16,0
191.94,10,0,3,720,Card,network,2,1
984.38,3,0,2,386,NetBanking,declined,12,0
7556.26,4,5,1,80,UPI,declined,14,0
2209.25,4,3,3,890,Card,temporary,3,1
1319.26,12,2,3,332,Card,declined,8,0
2556.85,19,4,2,807,UPI,expired,6,0
5144.27,12,2,0,812,Card,network,12,1
5045.87,19,0,0,379,NetBanking,declined,12,0
5726.97,11,4,1,791,Wallet,temporary,0,1
236.55,6,0,0,981,Wallet,expired,20,0
7694.39,13,5,3,94,Card,expired,2,0
5161.92,6,1,2,410,UPI,expired,22,1
9538.94,7,0,1,98,Wallet,temporary,14,1
644.78,5,0,0,734,Card,temporary,5,1
3532.38,16,5,2,180,NetBanking,declined,23,0
2760.77,3,0,2,836,Wallet,expired,16,1
7152.0,18,5,0,518,Wallet,expired,1,1
5712.17,11,1,2,801,UPI,temporary,7,1
125.43,0,1,0,493,NetBanking,network,4,1
9607.39,1,4,3,239,NetBanking,declined,13,0
3267.36,2,4,2,132,UPI,declined,7,0
9816.0,12,0,3,896,NetBanking,expired,10,1
4621.79,11,1,2,587,NetBanking,declined,14,1
9721.39,6,5,1,164,UPI,network,0,1
3529.59,0,2,0,787,Wallet,expired,3,1
9832.85,13,3,0,155,NetBanking,temporary,1,0
8983.15,16,3,2,479,UPI,temporary,16,1
8217.63,2,4,0,455,Card,declined,9,1
3218.59,12,5,2,335,Wallet,expired,7,1
2106.86,18,0,1,118,Card,network,14,1
1295.29,11,1,3,325,Wallet,expired,3,1
8095.21,9,5,0,230,NetBanking,declined,2,0
9687.16,12,4,0,703,NetBanking,expired,5,1
4103.48,14,4,1,106,Wallet,temporary,4,1
710.52,7,1,1,853,Wallet,expired,21,1
6482.38,18,4,2,949,UPI,temporary,2,1
6495.27,4,0,2,135,UPI,network,1,1
5781.45,12,3,0,401,Wallet,declined,11,1
1952.8,8,3,1,45,Card,expired,15,1
5551.82,1,0,2,402,Card,network,6,0
7992.26,7,5,0,401,NetBanking,network,17,0
3505.94,18,4,2,407,NetBanking,declined,0,1
2268.3,8,0,3,552,NetBanking,declined,5,1
6602.96,8,4,0,792,Card,network,11,0
9916.27,5,1,1,616,NetBanking,expired,18,1
7035.55,18,4,1,586,Card,network,17,1
4955.32,2,0,1,626,Card,temporary,16,1
3384.17,19,1,1,358,Card,expired,1,1
5907.43,4,0,2,993,UPI,expired,22,0
4016.4,3,2,2,340,Card,declined,23,0
7939.24,15,5,2,188,NetBanking,declined,21,0
1835.98,9,5,2,140,Card,temporary,22,0
3976.85,18,0,1,626,NetBanking,declined,20,1
9373.21,4,2,0,253,NetBanking,expired,5,0
9634.49,20,5,2,467,UPI,expired,6,1
771.17,8,0,0,59,Wallet,network,23,1
1746.75,13,3,3,369,Wallet,temporary,15,0
5822.75,7,1,3,85,UPI,expired,0,1
9521.46,2,2,1,919,Wallet,declined,23,1
9424.16,2,2,3,731,UPI,network,20,1
8908.56,5,0,0,349,Card,declined,13,0
7248.18,17,2,2,314,Card,temporary,1,1
5541.66,15,1,0,379,UPI,network,2,1
6654.0,19,3,1,109,UPI,declined,5,0
9772.87,15,0,2,813,Wallet,network,15,0
2723.54,20,4,3,199,NetBanking,network,11,1
541.71,14,3,2,241,NetBanking,temporary,4,0
6707.94,2,5,2,837,Wallet,declined,17,1
3932.35,16,3,3,596,Card,network,9,1
9037.49,1,4,1,133,Wallet,declined,5,0
8103.76,4,0,3,90,Wallet,declined,20,0
5990.97,10,5,0,99,Wallet,network,17,1
2834.39,14,0,3,125,Wallet,declined,4,0
5868.5,3,0,0,814,NetBanking,expired,13,1
6582.4,18,4,3,48,Card,expired,12,1
6125.69,12,0,3,920,NetBanking,declined,1,0
9216.27,11,0,2,847,NetBanking,expired,8,0
8596.52,3,1,1,317,Wallet,expired,8,0
6089.29,2,1,3,226,Wallet,network,16,0
8228.07,16,1,0,328,Wallet,declined,16,0
386.59,6,1,0,265,UPI,network,1,0
7075.88,8,2,3,527,Wallet,temporary,21,1
3787.42,19,3,1,993,Wallet,expired,11,1
8955.47,2,2,0,405,UPI,declined,18,0
2221.75,7,5,1,703,Card,expired,20,1
298.52,0,3,1,672,Card,temporary,7,1
8070.35,9,5,2,443,Wallet,expired,14,1
4720.31,16,4,3,608,UPI,temporary,16,0
9668.21,11,4,2,315,UPI,network,2,1
2837.18,10,2,2,681,NetBanking,declined,4,0
2478.99,1,4,3,686,NetBanking,declined,23,1
5023.99,9,2,3,424,Wallet,temporary,18,0
5763.22,6,2,1,712,Wallet,expired,16,1
1782.87,17,1,2,109,Wallet,declined,23,1
8102.6,5,5,2,680,UPI,declined,11,1
8727.18,13,2,2,276,NetBanking,network,3,1
8677.29,18,4,0,493,Card,temporary,21,1
3053.72,1,1,1,215,NetBanking,network,18,0
9867.83,4,2,1,807,UPI,network,10,0
1850.56,20,0,0,472,NetBanking,declined,5,1
1668.51,2,1,3,658,Wallet,network,13,0
3894.83,1,4,1,758,NetBanking,temporary,10,0
5357.23,0,5,0,651,Card,declined,22,0
3189.71,3,3,2,181,UPI,temporary,9,0
4613.67,16,4,2,454,Card,expired,15,0
1965.42,12,0,1,239,Card,declined,23,1
5095.87,3,2,0,394,NetBanking,temporary,19,0
6653.5,20,0,0,716,UPI,network,14,1
5518.1,15,5,1,220,UPI,expired,13,0
6658.58,8,4,1,438,UPI,temporary,9,1
1152.01,6,4,1,806,NetBanking,declined,11,0
3023.98,1,4,3,942,Card,network,10,1
226.22,2,0,3,162,UPI,temporary,23,0
9057.32,20,1,3,313,NetBanking,network,1,1
1829.55,1,2,2,830,NetBanking,network,23,1
8527.33,1,0,1,689,Card,expired,11,0
9555.38,8,5,0,391,NetBanking,declined,3,1
9626.87,8,3,3,829,Wallet,declined,3,1
7291.47,5,0,3,943,Wallet,network,5,1
7813.73,19,0,1,504,Wallet,temporary,13,1
727.03,20,2,0,731,Card,expired,16,1
7035.74,3,3,1,503,NetBanking,network,4,0
5627.61,19,0,0,668,Card,network,15,1
841.17,15,2,1,348,NetBanking,temporary,16,1
6468.84,12,1,0,480,Wallet,network,2,1
4525.97,3,3,0,115,Wallet,network,1,0
101.68,2,4,2,921,Card,network,10,0
637.32,7,3,2,583,Wallet,expired,22,0
1064.63,7,0,2,373,NetBanking,expired,22,1
8979.08,15,1,3,119,NetBanking,declined,6,1
8536.72,6,3,1,743,NetBanking,temporary,13,1
6369.08,18,0,3,478,Card,network,0,1
580.86,13,4,3,956,Card,declined,23,0
1125.18,19,4,2,526,Wallet,network,19,0
7647.51,8,3,2,311,Wallet,declined,4,0
7030.14,16,2,2,738,Card,declined,6,0
2976.74,11,5,1,737,Card,expired,22,1
3587.15,15,4,3,700,NetBanking,network,0,1
350.19,4,0,0,214,NetBanking,declined,9,0
1549.64,1,5,2,218,UPI,expired,14,1
8693.55,17,1,3,253,NetBanking,temporary,12,1
9571.35,10,4,0,23,NetBanking,declined,19,0
8618.4,14,1,2,783,Card,declined,9,0
9836.19,2,1,1,762,UPI,network,1,1
5610.33,4,1,2,15,NetBanking,network,22,0
495.41,10,4,0,802,NetBanking,network,18,1
821.52,10,4,1,989,Card,temporary,16,1
5476.49,12,0,2,236,Card,expired,10,1
2262.61,19,4,3,584,UPI,temporary,21,1
2479.44,20,4,1,991,UPI,expired,12,0
9455.38,12,2,2,35,NetBanking,network,15,1
8992.99,6,2,0,980,UPI,declined,17,1
6306.64,6,5,1,895,Wallet,temporary,6,1
7057.15,13,5,0,774,Card,temporary,14,1
475.07,2,0,1,823,NetBanking,temporary,18,0
9118.77,13,3,3,655,Wallet,network,10,1
6765.66,17,0,0,784,UPI,temporary,11,1
1150.74,9,4,0,298,Wallet,network,12,0
405.11,5,4,1,149,Wallet,expired,20,1
6805.16,20,2,0,576,Card,temporary,1,1
6006.88,17,4,0,322,Card,expired,6,1
6494.72,16,1,1,198,Card,expired,6,1
6742.68,18,0,3,670,UPI,expired,21,1
1072.2,18,3,2,375,Card,declined,3,1
791.11,6,2,3,471,NetBanking,expired,22,0
5698.96,11,2,3,182,UPI,expired,7,0
7150.77,20,3,2,870,NetBanking,declined,21,0
8791.07,14,3,2,803,NetBanking,network,17,1
6490.96,2,2,1,922,Card,expired,23,0
856.98,2,0,0,842,Wallet,declined,1,0
5480.35,17,3,1,384,Wallet,declined,18,0
2980.89,14,4,0,416,NetBanking,temporary,21,1
9643.6,19,5,1,785,Card,network,5,1
9492.25,4,5,3,971,NetBanking,temporary,7,0
2394.32,8,2,1,53,Card,expired,12,0
4600.97,1,0,2,115,NetBanking,expired,18,0
1821.11,20,3,2,611,UPI,expired,12,0
2306.7,12,2,2,508,Wallet,temporary,16,0
4455.0,7,0,2,226,Card,declined,5,1
7201.3,3,5,1,434,NetBanking,temporary,15,0
4842.31,18,1,3,32,Card,temporary,4,1
1695.18,20,4,0,922,Card,temporary,5,1
1882.37,12,4,0,909,NetBanking,temporary,6,1
9928.48,15,1,1,860,Wallet,declined,18,0
1900.65,16,2,1,751,NetBanking,network,19,1
2375.16,12,1,0,26,Card,network,4,1
1856.48,19,4,0,908,UPI,temporary,15,1
9029.65,17,0,3,544,Wallet,expired,1,0
4346.67,15,3,2,613,UPI,network,4,1
7682.0,2,2,3,273,Card,temporary,22,0
170.43,16,0,0,394,Card,expired,13,1
1632.31,20,4,2,277,Wallet,expired,19,1
6838.0,6,3,3,193,NetBanking,network,8,0
5818.75,12,5,1,885,UPI,declined,14,0
9497.53,3,1,3,814,NetBanking,temporary,5,1
6395.18,2,1,3,958,Wallet,temporary,2,1
3771.27,19,0,3,963,Wallet,expired,22,0
668.88,5,5,3,459,UPI,declined,21,0
5229.72,6,0,1,639,Card,temporary,11,1
102.84,5,0,2,808,Wallet,expired,21,1
5902.19,16,0,0,951,UPI,expired,23,0
9158.59,11,2,2,241,Card,network,12,0
2684.96,13,4,0,582,UPI,expired,10,0
8049.13,8,4,2,720,Wallet,network,18,1
2508.41,10,3,3,928,UPI,network,3,1
3888.47,7,5,1,829,NetBanking,network,11,1
196.26,8,1,2,105,Wallet,expired,2,0
1867.01,10,2,1,925,NetBanking,declined,23,0
9108.28,15,5,1,250,Card,expired,6,1
8365.91,19,2,1,807,UPI,temporary,2,1
6667.9,19,0,0,878,Wallet,expired,19,1
8991.4,18,2,3,197,NetBanking,network,7,0
1369.63,16,3,3,972,UPI,expired,12,0
7781.45,14,0,3,333,UPI,temporary,21,1
5851.98,10,2,2,201,NetBanking,declined,8,0
6169.53,11,1,3,444,Card,network,22,0
3714.27,12,2,3,194,Card,declined,3,0
8060.47,17,3,3,210,Card,declined,15,0
1848.41,15,1,2,814,Wallet,expired,8,0
5721.56,12,0,1,71,Card,expired,15,0
1053.39,10,2,2,378,NetBanking,expired,0,0
3575.8,19,1,1,809,NetBanking,expired,10,0
4926.19,14,0,3,638,NetBanking,network,20,0
8695.75,20,2,3,656,Wallet,temporary,2,1
2359.36,10,5,2,737,NetBanking,network,8,0
7831.64,11,5,3,433,Card,declined,0,1
2422.81,8,5,0,225,Card,network,3,1
9374.26,15,4,0,36,Wallet,temporary,3,1
1637.22,20,3,2,244,Card,expired,14,0
1399.64,5,0,0,689,NetBanking,expired,15,1
8721.89,8,4,3,148,Card,network,20,0
8785.21,13,4,2,940,NetBanking,network,17,1
986.58,9,2,3,276,Card,expired,0,1
8172.26,4,2,2,490,UPI,network,15,1
7682.11,9,4,1,825,UPI,expired,6,1
5649.49,12,1,1,742,Wallet,network,7,1
4280.17,7,4,2,301,NetBanking,network,6,0
1905.83,9,0,3,642,Wallet,expired,22,0
1959.12,0,1,0,557,UPI,declined,3,1
1337.89,14,5,0,248,UPI,declined,0,1
3484.94,9,3,2,484,UPI,expired,2,0
9521.28,1,2,3,83,Wallet,declined,6,0
2575.79,12,0,0,796,Card,network,14,1
9945.9,6,3,0,543,Card,network,12,1
3189.88,10,1,0,772,UPI,expired,15,1
2067.36,1,5,1,125,Card,network,10,1
7964.46,18,0,3,818,Card,temporary,1,1
6938.44,19,1,2,799,UPI,declined,5,0
6890.85,10,5,0,71,NetBanking,declined,22,0
1163.18,15,1,2,581,NetBanking,network,23,1
6923.57,11,5,1,266,UPI,network,22,1
3017.67,15,1,1,566,NetBanking,expired,23,1
8689.85,19,4,1,80,Card,network,9,0
5461.9,14,0,3,761,Card,temporary,19,0
7782.56,7,2,0,684,Wallet,declined,16,0
7680.77,4,4,2,340,Wallet,expired,3,1
6623.02,1,1,1,904,UPI,declined,3,0
1077.66,18,5,3,683,Wallet,expired,1,0
6098.94,2,0,1,681,Wallet,temporary,14,0
700.93,17,5,3,851,NetBanking,temporary,19,1
502.47,2,2,0,977,Card,temporary,3,0
5363.44,6,1,1,593,Card,network,23,1
6422.38,11,5,3,729,Wallet,temporary,5,0
5544.66,16,2,1,556,Wallet,expired,10,1
9968.82,11,3,3,855,NetBanking,declined,18,0
3813.12,17,5,2,378,Wallet,network,12,1
443.16,9,4,0,540,Card,expired,0,1
2296.68,10,0,2,951,Card,temporary,1,1
1645.46,8,2,1,248,NetBanking,expired,2,0
5733.74,6,5,0,750,NetBanking,network,5,1
9000.34,18,0,2,48,Wallet,temporary,1,0
3410.46,13,3,0,900,Card,temporary,20,1
3886.62,9,4,0,336,Card,expired,16,0
1616.66,12,3,0,237,Wallet,expired,12,1
3428.06,15,4,0,571,Wallet,expired,2,1
4401.46,4,1,3,582,Card,network,12,0
2041.38,19,5,1,258,UPI,expired,13,1
9248.97,2,0,3,443,NetBanking,expired,6,0
5979.38,0,2,1,368,Wallet,declined,14,1
8199.9,6,5,2,169,UPI,temporary,23,1
9494.52,4,2,0,361,UPI,expired,14,0
3385.58,17,1,1,569,NetBanking,network,19,1
1499.34,0,3,0,271,Card,temporary,9,1
6995.61,8,0,3,680,UPI,temporary,12,1
6663.52,11,0,0,309,Wallet,declined,12,1
7125.92,10,3,0,200,Card,network,17,0
312.74,7,4,2,351,Wallet,network,23,1
3533.12,11,2,2,251,NetBanking,temporary,20,1
3932.99,0,4,2,240,Card,expired,12,0
969.17,12,4,1,437,Card,declined,13,0
9106.38,10,3,1,221,Card,declined,4,1
7080.85,16,1,3,940,Card,declined,10,1
5376.32,3,1,2,869,Card,temporary,10,0
4199.0,13,2,3,773,NetBanking,declined,6,1
1928.99,19,4,2,630,Card,declined,7,0
3656.69,15,1,3,739,NetBanking,declined,12,0
1461.38,6,1,0,428,UPI,expired,13,1
6746.26,6,1,0,191,Wallet,network,22,1
4629.69,7,3,3,804,UPI,network,23,1
6153.9,18,4,0,543,UPI,network,14,0
519.92,7,4,3,762,UPI,network,16,0
9629.66,6,2,3,417,NetBanking,expired,14,1
3014.76,1,5,1,484,Wallet,temporary,23,1
1879.74,18,5,1,412,Wallet,expired,14,1
4591.44,6,3,0,266,NetBanking,declined,22,0
1002.79,14,5,2,97,Wallet,declined,12,0
534.67,5,2,1,176,Card,declined,22,1
3149.82,14,2,1,130,Card,declined,0,0
2605.8,14,3,3,566,UPI,network,7,1
6628.76,14,3,3,91,UPI,declined,17,0
6323.49,6,0,1,161,UPI,expired,1,1
421.08,18,4,2,349,UPI,temporary,3,1
1864.66,9,4,1,999,Wallet,expired,1,1
3063.02,11,3,0,786,Wallet,temporary,9,1
1308.03,8,2,3,547,Card,declined,19,1
5756.53,20,4,0,505,NetBanking,network,19,0
2670.63,18,4,2,959,Card,network,16,0
5027.64,5,4,1,735,NetBanking,declined,0,1
4702.37,3,5,1,828,Wallet,network,1,1
5648.11,20,1,0,665,Card,expired,8,0
3146.95,16,4,2,795,UPI,temporary,21,1
4020.89,18,4,0,862,Card,declined,10,0
9230.57,15,3,0,671,Card,network,4,1
8931.38,17,2,3,812,Wallet,temporary,16,1
7277.15,10,4,0,223,NetBanking,expired,2,0
2876.55,0,2,3,651,Card,network,5,0
8659.48,9,5,2,736,UPI,expired,13,1
8782.78,11,3,2,231,NetBanking,declined,3,0
470.21,6,0,3,528,UPI,network,16,1
3467.15,15,5,2,804,NetBanking,declined,3,0
9386.44,4,1,0,480,Wallet,temporary,0,1
535.9,19,0,2,488,UPI,temporary,16,1
7480.99,0,4,2,664,Card,expired,6,0
2838.83,10,3,0,289,Card,declined,8,1
9587.15,17,4,0,221,NetBanking,expired,8,1
7073.1,9,4,1,185,UPI,expired,19,0
5451.71,1,1,0,492,UPI,temporary,12,1
4322.01,5,5,3,641,NetBanking,expired,10,0
7157.7,17,0,3,591,Card,temporary,22,1
4610.28,20,5,3,491,Card,declined,4,0
6207.73,11,3,1,726,NetBanking,expired,14,1
747.12,3,2,3,482,Card,expired,11,0
1361.2,3,3,0,343,UPI,expired,17,0
5946.31,7,4,1,571,Card,network,12,1
2161.56,18,3,3,590,NetBanking,declined,5,0
871.15,18,3,0,616,Wallet,expired,17,1
4507.64,9,3,0,622,UPI,network,10,1
6635.63,2,1,1,918,UPI,declined,21,1
5359.43,12,4,3,210,Card,expired,9,0
9140.72,9,3,2,101,UPI,network,4,0
717.86,17,0,0,730,NetBanking,temporary,9,1
2428.89,18,3,2,738,Wallet,network,12,1
2191.04,5,3,1,202,Wallet,expired,13,1
9974.81,4,1,0,83,UPI,declined,23,0
6613.47,4,0,1,667,Wallet,network,22,1
4314.47,5,3,3,575,Wallet,network,11,1
4305.24,0,4,3,877,Card,expired,13,0
5805.89,1,0,3,731,NetBanking,temporary,18,1
6935.92,4,5,2,486,UPI,temporary,7,0
7442.69,2,5,2,637,UPI,expired,17,0
4741.8,16,3,2,441,NetBanking,expired,9,1
6981.01,19,5,2,754,NetBanking,temporary,20,1
1773.88,1,5,2,838,UPI,expired,15,1
5105.4,8,2,1,640,NetBanking,expired,8,1
1204.34,5,4,1,684,Wallet,expired,5,1
7037.67,15,1,0,361,UPI,declined,19,0
1626.09,15,3,3,253,Wallet,declined,6,0
8434.15,1,5,2,783,UPI,temporary,5,0
4814.7,15,5,1,398,Wallet,network,8,1
8715.75,0,2,3,401,NetBanking,temporary,3,0
6410.5,13,4,2,353,NetBanking,expired,3,1
5883.35,14,5,1,761,Card,expired,21,0
1881.17,17,0,0,861,UPI,temporary,13,1
1128.68,14,2,1,752,NetBanking,expired,6,1
6232.03,1,4,1,983,UPI,temporary,2,0
1386.08,20,4,1,927,UPI,declined,8,1
6638.73,2,5,3,954,NetBanking,network,22,0
7721.82,10,2,1,809,UPI,expired,1,1
3393.28,1,2,2,192,Wallet,temporary,15,0
2086.62,12,1,3,121,Card,network,6,0
1151.87,14,5,2,115,UPI,temporary,2,0
2580.9,14,0,3,162,UPI,temporary,21,1
1600.91,10,3,0,537,Wallet,network,13,1
7304.9,2,4,1,13,Wallet,network,3,0
9356.92,11,2,2,420,UPI,temporary,11,1
9613.16,2,3,2,673,Card,declined,17,1
3903.22,6,2,3,927,UPI,expired,15,1
6364.63,6,1,0,207,UPI,declined,15,1
7948.12,20,2,3,556,Wallet,temporary,1,1
3443.41,1,3,0,226,Wallet,declined,23,0
9255.68,1,5,1,510,UPI,network,19,1
7042.84,4,0,1,657,UPI,expired,3,0
1789.82,18,0,0,126,Wallet,declined,2,0
4319.49,12,2,0,710,Card,expired,6,0
5971.54,10,0,0,290,Card,network,5,1
5578.74,14,1,0,146,UPI,network,5,1
4920.98,0,0,1,958,UPI,expired,13,0
7943.18,15,5,1,221,Card,expired,16,1
2468.61,5,4,0,620,Card,network,19,0
6309.2,9,2,3,14,Card,declined,3,0
9770.24,19,2,1,485,Card,expired,1,1
7986.47,15,3,1,173,UPI,temporary,20,1
2174.94,8,2,3,54,UPI,temporary,17,1
7876.37,15,4,0,82,Card,network,18,1
4248.76,10,1,0,343,Card,temporary,7,1
8711.87,12,1,0,492,Wallet,temporary,13,1
9286.08,14,1,3,392,Card,network,23,1
3650.04,8,1,2,140,UPI,temporary,8,1
8531.35,14,3,1,788,NetBanking,declined,9,0
7916.51,20,4,1,601,Card,temporary,13,1
4943.21,6,4,3,867,Wallet,expired,0,0
7388.17,7,1,2,454,Card,declined,18,0
4235.94,1,0,3,761,UPI,network,16,1
8116.19,3,3,3,256,UPI,temporary,22,0
9504.35,4,2,2,254,UPI,temporary,15,0
1701.85,14,4,0,475,Wallet,declined,22,1
7919.6,11,5,3,730,UPI,temporary,12,0
3395.77,1,2,3,780,NetBanking,declined,21,1
8820.39,1,4,2,919,UPI,temporary,12,1
6229.42,11,2,1,673,UPI,declined,4,0
2462.46,3,5,3,765,Card,declined,10,0
2746.84,13,2,0,74,NetBanking,expired,14,0
5314.16,3,3,2,472,NetBanking,temporary,6,0
4632.95,2,3,1,305,UPI,temporary,5,1
7001.11,15,1,1,543,UPI,expired,13,0
5460.21,4,3,2,440,Wallet,temporary,9,1
318.16,7,4,2,431,NetBanking,expired,15,0
6998.95,17,3,3,321,Card,expired,5,0
2345.14,11,2,0,161,NetBanking,expired,14,0
6224.44,5,5,2,196,Card,declined,5,1
507.4,10,4,1,461,NetBanking,expired,5,1
7100.63,10,2,1,391,Wallet,declined,17,1
9212.3,12,3,1,980,Wallet,expired,4,1
7411.1,16,2,2,495,NetBanking,declined,18,0
9230.69,10,5,0,759,Wallet,temporary,4,1
1257.07,0,3,1,466,NetBanking,temporary,10,1
6449.0,18,4,1,810,NetBanking,declined,0,1
8509.57,2,4,3,209,Wallet,expired,19,0
9439.68,11,3,1,743,Wallet,expired,12,1
2918.04,11,2,3,905,UPI,declined,23,0
7441.12,13,3,2,177,Wallet,network,4,0
6019.56,4,1,2,496,NetBanking,temporary,18,0
975.64,13,5,2,434,Card,network,22,0
9157.23,6,1,3,306,Wallet,temporary,9,0
3108.75,17,5,3,239,UPI,temporary,4,1
9564.66,20,3,0,679,NetBanking,network,5,1
6909.65,7,0,0,793,NetBanking,network,2,1
3681.42,15,4,3,899,NetBanking,network,22,0
3794.7,18,0,2,176,UPI,declined,10,0
6963.5,11,1,0,289,NetBanking,network,20,0
3624.24,9,2,0,536,Card,declined,3,0
1754.65,10,2,2,287,NetBanking,temporary,17,1
8250.82,0,1,2,391,Wallet,network,10,0
1713.99,6,1,1,861,Card,temporary,13,1
856.36,4,0,3,366,NetBanking,expired,4,0
8908.29,19,4,2,186,NetBanking,temporary,23,0
2301.34,4,5,1,324,Card,declined,4,0
4305.57,3,0,0,803,Wallet,network,1,1
424.65,16,4,0,490,UPI,expired,1,1
6709.11,3,0,1,611,Card,declined,21,1
998.72,8,4,2,370,Card,declined,16,0
1081.15,18,0,1,742,Card,expired,5,0
5417.55,3,1,3,385,Card,network,21,0
1890.4,11,3,3,229,Card,network,3,0
3211.37,14,0,1,517,NetBanking,expired,17,0
914.25,15,0,3,300,Wallet,expired,21,0
4495.16,17,3,2,885,Wallet,declined,2,0
8044.12,11,1,0,700,Wallet,temporary,12,1
6619.63,2,0,1,414,Wallet,temporary,23,0
9780.75,2,2,1,356,Card,network,3,1
4304.57,15,2,2,784,Wallet,expired,15,0
9506.37,15,4,2,160,Wallet,temporary,3,1
5023.01,20,1,0,111,UPI,temporary,15,1
9723.52,12,4,2,166,NetBanking,temporary,2,0
5247.49,15,3,1,310,Wallet,network,16,1
3501.79,17,4,0,985,UPI,network,3,1
3214.14,12,3,3,46,UPI,declined,17,0
7815.89,5,3,3,147,NetBanking,network,15,0
5731.67,15,5,3,497,Card,temporary,12,1
5951.35,12,4,2,794,NetBanking,expired,1,1
546.67,11,2,0,793,NetBanking,network,3,1
9920.26,13,2,0,687,Card,declined,7,0
5966.06,2,2,0,355,Card,temporary,17,1
4663.0,13,4,3,283,UPI,network,18,1
3233.49,18,3,2,596,UPI,network,3,0
2138.49,15,4,2,180,NetBanking,expired,13,1
6390.9,2,4,1,304,NetBanking,temporary,9,0
4080.07,7,4,0,744,UPI,expired,8,1
8031.74,15,3,1,365,UPI,expired,16,0
4385.81,17,2,1,434,Wallet,expired,19,1
6748.45,17,1,0,652,Card,network,6,1
8256.69,14,2,3,967,UPI,declined,11,0
2479.7,9,3,3,336,UPI,declined,13,1
2941.74,5,2,1,425,Card,temporary,4,1
2531.31,9,3,3,583,Wallet,network,20,0
2099.71,8,1,0,274,NetBanking,declined,20,0
9641.49,15,0,0,890,UPI,expired,19,1
729.46,13,2,0,416,Card,declined,3,0
5052.46,3,4,2,518,UPI,declined,19,0
8086.2,10,4,3,835,Card,network,6,1
1834.03,8,3,3,270,UPI,network,17,1
9492.24,10,4,3,496,Card,expired,4,0
7185.15,9,0,0,871,UPI,declined,8,1
3161.76,11,5,0,557,Card,network,12,1
9611.4,8,2,0,968,Card,expired,6,0
1686.25,14,5,2,910,Wallet,temporary,8,0
8249.66,15,3,3,958,NetBanking,network,3,0
7014.97,16,0,2,440,NetBanking,network,22,1
615.78,20,1,3,820,Card,temporary,12,1
3124.92,18,0,0,171,Card,declined,19,0
7947.16,10,3,3,904,Card,expired,5,0
8285.01,9,1,0,434,NetBanking,declined,12,0
9453.1,18,1,0,980,UPI,declined,2,0
2062.84,5,0,3,642,Wallet,expired,4,1
3742.41,18,0,0,745,Wallet,network,21,1
2322.39,6,1,2,304,Wallet,network,4,1
2145.4,6,2,1,438,Card,network,4,1
9763.67,7,4,3,939,Card,expired,18,0
4635.82,0,3,1,902,NetBanking,network,21,1
3896.61,13,5,2,84,UPI,temporary,1,1
2424.93,11,4,0,15,NetBanking,network,9,0
6745.49,4,4,0,604,Card,expired,5,0
9310.24,14,1,0,334,Wallet,declined,8,1
537.21,4,3,2,775,NetBanking,network,9,0
2705.84,8,4,2,456,Card,expired,23,0
7660.39,4,4,3,64,Card,declined,1,0
455.04,8,1,3,456,UPI,network,1,1
9889.3,17,3,3,514,UPI,declined,3,0
2116.96,9,1,1,777,NetBanking,declined,18,0
140.84,18,1,3,952,UPI,declined,15,0
8884.94,0,2,0,413,NetBanking,temporary,10,1
902.53,15,3,2,618,UPI,expired,1,0
9513.87,10,5,1,226,UPI,expired,10,0
7463.62,17,4,3,104,Wallet,expired,5,0
7731.69,12,0,0,882,Card,declined,12,0
2920.87,20,1,0,315,Wallet,network,23,1
3170.0,19,1,2,691,UPI,expired,16,1
4509.88,12,3,2,586,Wallet,temporary,13,0
6177.29,13,5,3,105,UPI,expired,14,0
6511.35,4,3,0,307,Wallet,network,2,0
4828.35,4,1,2,871,Card,network,9,0
5554.84,1,4,0,532,Wallet,network,3,1
7231.07,8,2,2,609,UPI,temporary,3,0
4682.5,5,3,0,95,Wallet,expired,10,0
4604.48,14,4,2,359,Card,declined,5,1
9823.64,8,5,0,454,UPI,temporary,12,1
1800.18,15,3,3,899,Wallet,expired,19,0
6205.77,12,2,0,138,Card,temporary,6,1
257.26,6,0,1,502,Card,declined,13,0
8596.07,17,1,0,318,Wallet,declined,15,1
1252.94,4,5,3,996,Wallet,network,0,0
5893.74,6,2,3,62,NetBanking,temporary,3,0
7159.62,13,3,2,47,Wallet,network,15,0
7273.68,15,1,0,550,UPI,network,18,1
728.75,20,3,3,129,Wallet,expired,14,0
305.99,9,5,1,490,NetBanking,network,7,1
5917.82,10,4,3,144,NetBanking,network,13,0
6763.76,11,3,1,646,Card,expired,22,0
6703.86,4,1,1,170,Wallet,temporary,13,0
4987.88,7,1,0,28,NetBanking,expired,11,0
1829.68,16,0,0,355,Wallet,temporary,19,1
5663.62,15,2,2,813,NetBanking,temporary,17,1
1596.67,16,4,0,733,UPI,network,14,0
7582.07,3,4,0,853,UPI,temporary,5,1
8721.61,11,1,2,735,Wallet,network,23,0
1627.53,11,2,1,135,Card,network,13,0
165.22,15,2,2,527,Card,temporary,8,1
7572.97,11,5,1,165,Wallet,declined,4,0
4192.75,13,3,2,976,UPI,network,4,0
7204.49,16,0,0,356,NetBanking,network,5,1
3993.34,1,5,1,934,UPI,expired,13,0
6840.62,17,2,2,941,NetBanking,temporary,8,0
6142.97,4,5,3,466,Card,network,22,0
8137.13,20,3,1,912,NetBanking,temporary,1,1
3960.94,4,4,2,228,UPI,expired,16,0
6393.29,0,0,2,257,NetBanking,network,16,1
693.46,11,2,2,136,UPI,temporary,14,1
7394.9,14,2,1,834,Card,expired,9,1
7869.41,18,5,1,741,Wallet,declined,3,1
5865.45,11,3,0,160,Wallet,network,2,1
4306.38,4,3,1,466,UPI,expired,21,0
5923.57,16,3,2,608,Wallet,network,14,0
9483.42,13,1,1,527,Card,network,22,1
9683.51,16,4,0,721,Card,network,15,1
1652.71,17,2,0,626,Wallet,temporary,3,1
2966.95,16,1,0,390,NetBanking,expired,9,1
376.98,4,1,3,59,NetBanking,expired,6,0
7422.64,0,0,2,79,UPI,network,15,0
5701.06,10,3,3,864,Card,declined,16,0
7640.62,14,1,2,101,Wallet,network,7,0
3456.08,1,5,3,763,NetBanking,temporary,5,0
5762.75,9,4,0,669,UPI,declined,19,1
7600.39,18,4,1,778,Wallet,temporary,3,1
5365.41,0,2,1,261,Wallet,temporary,17,1
4077.8,1,3,0,358,Wallet,declined,13,1
5326.23,12,2,0,127,UPI,declined,9,1
2629.99,2,1,2,985,Wallet,declined,1,0
3320.38,0,5,0,315,Wallet,temporary,10,1
8940.81,8,3,0,63,Card,declined,19,0
4980.5,16,3,0,285,UPI,expired,14,1
748.04,0,3,1,945,UPI,expired,17,0
6783.46,7,4,1,321,Wallet,network,2,0
5054.28,4,2,1,810,Card,network,17,1
109.91,14,4,2,678,Card,temporary,1,0
4873.64,19,2,3,369,Card,expired,1,1
5387.48,2,2,0,414,UPI,declined,23,0
2866.64,13,1,2,915,NetBanking,expired,22,0
2534.69,10,2,1,480,NetBanking,temporary,22,1
9230.35,19,3,0,933,UPI,declined,13,0
6995.25,15,3,0,816,UPI,temporary,21,1
1321.81,12,4,2,406,Card,temporary,3,1
9368.85,14,0,1,770,UPI,expired,21,0
3642.43,2,4,2,837,Card,declined,15,0
464.28,15,5,1,17,Card,network,3,0
5734.11,15,1,1,685,Card,temporary,18,1
743.99,8,4,1,912,NetBanking,declined,21,1
9701.13,17,4,2,707,Wallet,temporary,13,1
9436.43,1,2,3,874,Wallet,expired,3,0
4719.21,11,4,0,915,Card,temporary,8,0
5370.86,10,0,3,209,NetBanking,temporary,18,0
9903.62,7,5,3,990,UPI,declined,6,1
3176.98,20,5,0,38,Wallet,network,0,1
6300.34,10,2,1,120,Wallet,declined,10,0
8234.17,16,1,0,804,Wallet,temporary,20,1
1335.78,1,0,3,330,UPI,declined,1,0
4474.99,9,4,3,77,UPI,temporary,17,1
8514.3,12,0,3,248,UPI,network,12,1
4338.25,19,4,0,357,UPI,network,16,1
2005.57,3,0,0,617,Card,declined,20,0
3618.37,15,5,3,200,Card,declined,1,1
3185.5,13,4,2,328,Card,declined,15,1
3494.71,11,0,1,68,Card,temporary,13,1
9767.46,20,1,0,359,Card,network,22,1
4727.28,10,4,2,640,NetBanking,network,10,1
4597.59,1,3,1,952,UPI,declined,22,1
6276.81,7,3,2,836,Wallet,declined,12,1
9899.79,11,0,0,376,UPI,temporary,4,1
2024.59,18,2,0,40,Card,declined,9,1
8865.28,5,2,1,192,Card,temporary,5,1
9115.42,0,5,1,398,UPI,expired,6,1
2477.48,11,5,1,973,Wallet,temporary,3,1
9249.14,6,1,3,721,NetBanking,expired,19,1
6397.82,1,4,1,884,NetBanking,declined,10,1
6331.65,8,1,3,224,UPI,network,21,1
1757.59,12,5,2,520,Wallet,declined,10,0
5302.21,15,5,3,495,NetBanking,network,20,0
5881.43,1,1,1,926,Card,network,7,1
3129.39,12,4,1,967,NetBanking,expired,17,1
7541.07,9,3,2,245,UPI,network,16,0
4318.41,14,3,3,386,Wallet,expired,8,0
1877.7,7,2,0,377,UPI,expired,16,1
6472.18,8,1,0,131,UPI,expired,1,1
3404.2,10,2,2,773,NetBanking,declined,22,0
1464.86,17,2,0,798,NetBanking,expired,11,0
4097.73,12,4,0,493,Card,network,7,1
7516.46,15,1,3,749,Wallet,expired,2,1
1959.68,13,1,3,470,UPI,expired,4,0
1370.62,0,3,2,357,Card,network,13,0
4093.35,17,2,2,611,UPI,temporary,4,1
9531.11,10,4,3,400,Card,network,2,1
1964.55,3,2,3,664,NetBanking,temporary,5,1
5573.78,1,5,3,37,Card,declined,2,0
